--
-- PostgreSQL database dump
--

\restrict rth5OdlxcpNSBUtykRRYO5TQcgS2tFdDotg5dixpXYWm8WCNjO7Vdt05QFTqxuc

-- Dumped from database version 17.6 (Debian 17.6-1.pgdg13+1)
-- Dumped by pg_dump version 17.6 (Debian 17.6-1.pgdg13+1)

SET statement_timeout = 0;
SET lock_timeout = 0;
SET idle_in_transaction_session_timeout = 0;
SET transaction_timeout = 0;
SET client_encoding = 'UTF8';
SET standard_conforming_strings = on;
SELECT pg_catalog.set_config('search_path', '', false);
SET check_function_bodies = false;
SET xmloption = content;
SET client_min_messages = warning;
SET row_security = off;

SET default_tablespace = '';

SET default_table_access_method = heap;

--
-- Name: auth_group; Type: TABLE; Schema: public; Owner: postgres
--

CREATE TABLE public.auth_group (
    id integer NOT NULL,
    name character varying(150) NOT NULL
);


ALTER TABLE public.auth_group OWNER TO postgres;

--
-- Name: auth_group_id_seq; Type: SEQUENCE; Schema: public; Owner: postgres
--

ALTER TABLE public.auth_group ALTER COLUMN id ADD GENERATED BY DEFAULT AS IDENTITY (
    SEQUENCE NAME public.auth_group_id_seq
    START WITH 1
    INCREMENT BY 1
    NO MINVALUE
    NO MAXVALUE
    CACHE 1
);


--
-- Name: auth_group_permissions; Type: TABLE; Schema: public; Owner: postgres
--

CREATE TABLE public.auth_group_permissions (
    id bigint NOT NULL,
    group_id integer NOT NULL,
    permission_id integer NOT NULL
);


ALTER TABLE public.auth_group_permissions OWNER TO postgres;

--
-- Name: auth_group_permissions_id_seq; Type: SEQUENCE; Schema: public; Owner: postgres
--

ALTER TABLE public.auth_group_permissions ALTER COLUMN id ADD GENERATED BY DEFAULT AS IDENTITY (
    SEQUENCE NAME public.auth_group_permissions_id_seq
    START WITH 1
    INCREMENT BY 1
    NO MINVALUE
    NO MAXVALUE
    CACHE 1
);


--
-- Name: auth_permission; Type: TABLE; Schema: public; Owner: postgres
--

CREATE TABLE public.auth_permission (
    id integer NOT NULL,
    name character varying(255) NOT NULL,
    content_type_id integer NOT NULL,
    codename character varying(100) NOT NULL
);


ALTER TABLE public.auth_permission OWNER TO postgres;

--
-- Name: auth_permission_id_seq; Type: SEQUENCE; Schema: public; Owner: postgres
--

ALTER TABLE public.auth_permission ALTER COLUMN id ADD GENERATED BY DEFAULT AS IDENTITY (
    SEQUENCE NAME public.auth_permission_id_seq
    START WITH 1
    INCREMENT BY 1
    NO MINVALUE
    NO MAXVALUE
    CACHE 1
);


--
-- Name: django_admin_log; Type: TABLE; Schema: public; Owner: postgres
--

CREATE TABLE public.django_admin_log (
    id integer NOT NULL,
    action_time timestamp with time zone NOT NULL,
    object_id text,
    object_repr character varying(200) NOT NULL,
    action_flag smallint NOT NULL,
    change_message text NOT NULL,
    content_type_id integer,
    user_id bigint NOT NULL,
    CONSTRAINT django_admin_log_action_flag_check CHECK ((action_flag >= 0))
);


ALTER TABLE public.django_admin_log OWNER TO postgres;

--
-- Name: django_admin_log_id_seq; Type: SEQUENCE; Schema: public; Owner: postgres
--

ALTER TABLE public.django_admin_log ALTER COLUMN id ADD GENERATED BY DEFAULT AS IDENTITY (
    SEQUENCE NAME public.django_admin_log_id_seq
    START WITH 1
    INCREMENT BY 1
    NO MINVALUE
    NO MAXVALUE
    CACHE 1
);


--
-- Name: django_celery_beat_clockedschedule; Type: TABLE; Schema: public; Owner: postgres
--

CREATE TABLE public.django_celery_beat_clockedschedule (
    id integer NOT NULL,
    clocked_time timestamp with time zone NOT NULL
);


ALTER TABLE public.django_celery_beat_clockedschedule OWNER TO postgres;

--
-- Name: django_celery_beat_clockedschedule_id_seq; Type: SEQUENCE; Schema: public; Owner: postgres
--

ALTER TABLE public.django_celery_beat_clockedschedule ALTER COLUMN id ADD GENERATED BY DEFAULT AS IDENTITY (
    SEQUENCE NAME public.django_celery_beat_clockedschedule_id_seq
    START WITH 1
    INCREMENT BY 1
    NO MINVALUE
    NO MAXVALUE
    CACHE 1
);


--
-- Name: django_celery_beat_crontabschedule; Type: TABLE; Schema: public; Owner: postgres
--

CREATE TABLE public.django_celery_beat_crontabschedule (
    id integer NOT NULL,
    minute character varying(240) NOT NULL,
    hour character varying(96) NOT NULL,
    day_of_week character varying(64) NOT NULL,
    day_of_month character varying(124) NOT NULL,
    month_of_year character varying(64) NOT NULL,
    timezone character varying(63) NOT NULL
);


ALTER TABLE public.django_celery_beat_crontabschedule OWNER TO postgres;

--
-- Name: django_celery_beat_crontabschedule_id_seq; Type: SEQUENCE; Schema: public; Owner: postgres
--

ALTER TABLE public.django_celery_beat_crontabschedule ALTER COLUMN id ADD GENERATED BY DEFAULT AS IDENTITY (
    SEQUENCE NAME public.django_celery_beat_crontabschedule_id_seq
    START WITH 1
    INCREMENT BY 1
    NO MINVALUE
    NO MAXVALUE
    CACHE 1
);


--
-- Name: django_celery_beat_intervalschedule; Type: TABLE; Schema: public; Owner: postgres
--

CREATE TABLE public.django_celery_beat_intervalschedule (
    id integer NOT NULL,
    every integer NOT NULL,
    period character varying(24) NOT NULL
);


ALTER TABLE public.django_celery_beat_intervalschedule OWNER TO postgres;

--
-- Name: django_celery_beat_intervalschedule_id_seq; Type: SEQUENCE; Schema: public; Owner: postgres
--

ALTER TABLE public.django_celery_beat_intervalschedule ALTER COLUMN id ADD GENERATED BY DEFAULT AS IDENTITY (
    SEQUENCE NAME public.django_celery_beat_intervalschedule_id_seq
    START WITH 1
    INCREMENT BY 1
    NO MINVALUE
    NO MAXVALUE
    CACHE 1
);


--
-- Name: django_celery_beat_periodictask; Type: TABLE; Schema: public; Owner: postgres
--

CREATE TABLE public.django_celery_beat_periodictask (
    id integer NOT NULL,
    name character varying(200) NOT NULL,
    task character varying(200) NOT NULL,
    args text NOT NULL,
    kwargs text NOT NULL,
    queue character varying(200),
    exchange character varying(200),
    routing_key character varying(200),
    expires timestamp with time zone,
    enabled boolean NOT NULL,
    last_run_at timestamp with time zone,
    total_run_count integer NOT NULL,
    date_changed timestamp with time zone NOT NULL,
    description text NOT NULL,
    crontab_id integer,
    interval_id integer,
    solar_id integer,
    one_off boolean NOT NULL,
    start_time timestamp with time zone,
    priority integer,
    headers text NOT NULL,
    clocked_id integer,
    expire_seconds integer,
    CONSTRAINT django_celery_beat_periodictask_expire_seconds_check CHECK ((expire_seconds >= 0)),
    CONSTRAINT django_celery_beat_periodictask_priority_check CHECK ((priority >= 0)),
    CONSTRAINT django_celery_beat_periodictask_total_run_count_check CHECK ((total_run_count >= 0))
);


ALTER TABLE public.django_celery_beat_periodictask OWNER TO postgres;

--
-- Name: django_celery_beat_periodictask_id_seq; Type: SEQUENCE; Schema: public; Owner: postgres
--

ALTER TABLE public.django_celery_beat_periodictask ALTER COLUMN id ADD GENERATED BY DEFAULT AS IDENTITY (
    SEQUENCE NAME public.django_celery_beat_periodictask_id_seq
    START WITH 1
    INCREMENT BY 1
    NO MINVALUE
    NO MAXVALUE
    CACHE 1
);


--
-- Name: django_celery_beat_periodictasks; Type: TABLE; Schema: public; Owner: postgres
--

CREATE TABLE public.django_celery_beat_periodictasks (
    ident smallint NOT NULL,
    last_update timestamp with time zone NOT NULL
);


ALTER TABLE public.django_celery_beat_periodictasks OWNER TO postgres;

--
-- Name: django_celery_beat_solarschedule; Type: TABLE; Schema: public; Owner: postgres
--

CREATE TABLE public.django_celery_beat_solarschedule (
    id integer NOT NULL,
    event character varying(24) NOT NULL,
    latitude numeric(9,6) NOT NULL,
    longitude numeric(9,6) NOT NULL
);


ALTER TABLE public.django_celery_beat_solarschedule OWNER TO postgres;

--
-- Name: django_celery_beat_solarschedule_id_seq; Type: SEQUENCE; Schema: public; Owner: postgres
--

ALTER TABLE public.django_celery_beat_solarschedule ALTER COLUMN id ADD GENERATED BY DEFAULT AS IDENTITY (
    SEQUENCE NAME public.django_celery_beat_solarschedule_id_seq
    START WITH 1
    INCREMENT BY 1
    NO MINVALUE
    NO MAXVALUE
    CACHE 1
);


--
-- Name: django_celery_results_chordcounter; Type: TABLE; Schema: public; Owner: postgres
--

CREATE TABLE public.django_celery_results_chordcounter (
    id integer NOT NULL,
    group_id character varying(255) NOT NULL,
    sub_tasks text NOT NULL,
    count integer NOT NULL,
    CONSTRAINT django_celery_results_chordcounter_count_check CHECK ((count >= 0))
);


ALTER TABLE public.django_celery_results_chordcounter OWNER TO postgres;

--
-- Name: django_celery_results_chordcounter_id_seq; Type: SEQUENCE; Schema: public; Owner: postgres
--

ALTER TABLE public.django_celery_results_chordcounter ALTER COLUMN id ADD GENERATED BY DEFAULT AS IDENTITY (
    SEQUENCE NAME public.django_celery_results_chordcounter_id_seq
    START WITH 1
    INCREMENT BY 1
    NO MINVALUE
    NO MAXVALUE
    CACHE 1
);


--
-- Name: django_celery_results_groupresult; Type: TABLE; Schema: public; Owner: postgres
--

CREATE TABLE public.django_celery_results_groupresult (
    id integer NOT NULL,
    group_id character varying(255) NOT NULL,
    date_created timestamp with time zone NOT NULL,
    date_done timestamp with time zone NOT NULL,
    content_type character varying(128) NOT NULL,
    content_encoding character varying(64) NOT NULL,
    result text
);


ALTER TABLE public.django_celery_results_groupresult OWNER TO postgres;

--
-- Name: django_celery_results_groupresult_id_seq; Type: SEQUENCE; Schema: public; Owner: postgres
--

ALTER TABLE public.django_celery_results_groupresult ALTER COLUMN id ADD GENERATED BY DEFAULT AS IDENTITY (
    SEQUENCE NAME public.django_celery_results_groupresult_id_seq
    START WITH 1
    INCREMENT BY 1
    NO MINVALUE
    NO MAXVALUE
    CACHE 1
);


--
-- Name: django_celery_results_taskresult; Type: TABLE; Schema: public; Owner: postgres
--

CREATE TABLE public.django_celery_results_taskresult (
    id integer NOT NULL,
    task_id character varying(255) NOT NULL,
    status character varying(50) NOT NULL,
    content_type character varying(128) NOT NULL,
    content_encoding character varying(64) NOT NULL,
    result text,
    date_done timestamp with time zone NOT NULL,
    traceback text,
    meta text,
    task_args text,
    task_kwargs text,
    task_name character varying(255),
    worker character varying(100),
    date_created timestamp with time zone NOT NULL,
    periodic_task_name character varying(255),
    date_started timestamp with time zone
);


ALTER TABLE public.django_celery_results_taskresult OWNER TO postgres;

--
-- Name: django_celery_results_taskresult_id_seq; Type: SEQUENCE; Schema: public; Owner: postgres
--

ALTER TABLE public.django_celery_results_taskresult ALTER COLUMN id ADD GENERATED BY DEFAULT AS IDENTITY (
    SEQUENCE NAME public.django_celery_results_taskresult_id_seq
    START WITH 1
    INCREMENT BY 1
    NO MINVALUE
    NO MAXVALUE
    CACHE 1
);


--
-- Name: django_content_type; Type: TABLE; Schema: public; Owner: postgres
--

CREATE TABLE public.django_content_type (
    id integer NOT NULL,
    app_label character varying(100) NOT NULL,
    model character varying(100) NOT NULL
);


ALTER TABLE public.django_content_type OWNER TO postgres;

--
-- Name: django_content_type_id_seq; Type: SEQUENCE; Schema: public; Owner: postgres
--

ALTER TABLE public.django_content_type ALTER COLUMN id ADD GENERATED BY DEFAULT AS IDENTITY (
    SEQUENCE NAME public.django_content_type_id_seq
    START WITH 1
    INCREMENT BY 1
    NO MINVALUE
    NO MAXVALUE
    CACHE 1
);


--
-- Name: django_migrations; Type: TABLE; Schema: public; Owner: postgres
--

CREATE TABLE public.django_migrations (
    id bigint NOT NULL,
    app character varying(255) NOT NULL,
    name character varying(255) NOT NULL,
    applied timestamp with time zone NOT NULL
);


ALTER TABLE public.django_migrations OWNER TO postgres;

--
-- Name: django_migrations_id_seq; Type: SEQUENCE; Schema: public; Owner: postgres
--

ALTER TABLE public.django_migrations ALTER COLUMN id ADD GENERATED BY DEFAULT AS IDENTITY (
    SEQUENCE NAME public.django_migrations_id_seq
    START WITH 1
    INCREMENT BY 1
    NO MINVALUE
    NO MAXVALUE
    CACHE 1
);


--
-- Name: django_session; Type: TABLE; Schema: public; Owner: postgres
--

CREATE TABLE public.django_session (
    session_key character varying(40) NOT NULL,
    session_data text NOT NULL,
    expire_date timestamp with time zone NOT NULL
);


ALTER TABLE public.django_session OWNER TO postgres;

--
-- Name: management_myuser; Type: TABLE; Schema: public; Owner: postgres
--

CREATE TABLE public.management_myuser (
    id bigint NOT NULL,
    password character varying(128) NOT NULL,
    last_login timestamp with time zone,
    is_superuser boolean NOT NULL,
    username character varying(150) NOT NULL,
    first_name character varying(150) NOT NULL,
    last_name character varying(150) NOT NULL,
    email character varying(254) NOT NULL,
    is_staff boolean NOT NULL,
    is_active boolean NOT NULL,
    date_joined timestamp with time zone NOT NULL,
    role integer NOT NULL
);


ALTER TABLE public.management_myuser OWNER TO postgres;

--
-- Name: management_myuser_groups; Type: TABLE; Schema: public; Owner: postgres
--

CREATE TABLE public.management_myuser_groups (
    id bigint NOT NULL,
    myuser_id bigint NOT NULL,
    group_id integer NOT NULL
);


ALTER TABLE public.management_myuser_groups OWNER TO postgres;

--
-- Name: management_myuser_groups_id_seq; Type: SEQUENCE; Schema: public; Owner: postgres
--

ALTER TABLE public.management_myuser_groups ALTER COLUMN id ADD GENERATED BY DEFAULT AS IDENTITY (
    SEQUENCE NAME public.management_myuser_groups_id_seq
    START WITH 1
    INCREMENT BY 1
    NO MINVALUE
    NO MAXVALUE
    CACHE 1
);


--
-- Name: management_myuser_id_seq; Type: SEQUENCE; Schema: public; Owner: postgres
--

ALTER TABLE public.management_myuser ALTER COLUMN id ADD GENERATED BY DEFAULT AS IDENTITY (
    SEQUENCE NAME public.management_myuser_id_seq
    START WITH 1
    INCREMENT BY 1
    NO MINVALUE
    NO MAXVALUE
    CACHE 1
);


--
-- Name: management_myuser_user_permissions; Type: TABLE; Schema: public; Owner: postgres
--

CREATE TABLE public.management_myuser_user_permissions (
    id bigint NOT NULL,
    myuser_id bigint NOT NULL,
    permission_id integer NOT NULL
);


ALTER TABLE public.management_myuser_user_permissions OWNER TO postgres;

--
-- Name: management_myuser_user_permissions_id_seq; Type: SEQUENCE; Schema: public; Owner: postgres
--

ALTER TABLE public.management_myuser_user_permissions ALTER COLUMN id ADD GENERATED BY DEFAULT AS IDENTITY (
    SEQUENCE NAME public.management_myuser_user_permissions_id_seq
    START WITH 1
    INCREMENT BY 1
    NO MINVALUE
    NO MAXVALUE
    CACHE 1
);


--
-- Name: management_student; Type: TABLE; Schema: public; Owner: postgres
--

CREATE TABLE public.management_student (
    id bigint NOT NULL,
    name character varying(256),
    subject character varying(256),
    mark integer NOT NULL
);


ALTER TABLE public.management_student OWNER TO postgres;

--
-- Name: management_student_id_seq; Type: SEQUENCE; Schema: public; Owner: postgres
--

ALTER TABLE public.management_student ALTER COLUMN id ADD GENERATED BY DEFAULT AS IDENTITY (
    SEQUENCE NAME public.management_student_id_seq
    START WITH 1
    INCREMENT BY 1
    NO MINVALUE
    NO MAXVALUE
    CACHE 1
);


--
-- Data for Name: auth_group; Type: TABLE DATA; Schema: public; Owner: postgres
--

COPY public.auth_group (id, name) FROM stdin;
\.


--
-- Data for Name: auth_group_permissions; Type: TABLE DATA; Schema: public; Owner: postgres
--

COPY public.auth_group_permissions (id, group_id, permission_id) FROM stdin;
\.


--
-- Data for Name: auth_permission; Type: TABLE DATA; Schema: public; Owner: postgres
--

COPY public.auth_permission (id, name, content_type_id, codename) FROM stdin;
1	Can add log entry	1	add_logentry
2	Can change log entry	1	change_logentry
3	Can delete log entry	1	delete_logentry
4	Can view log entry	1	view_logentry
5	Can add permission	2	add_permission
6	Can change permission	2	change_permission
7	Can delete permission	2	delete_permission
8	Can view permission	2	view_permission
9	Can add group	3	add_group
10	Can change group	3	change_group
11	Can delete group	3	delete_group
12	Can view group	3	view_group
13	Can add content type	4	add_contenttype
14	Can change content type	4	change_contenttype
15	Can delete content type	4	delete_contenttype
16	Can view content type	4	view_contenttype
17	Can add session	5	add_session
18	Can change session	5	change_session
19	Can delete session	5	delete_session
20	Can view session	5	view_session
21	Can add student	6	add_student
22	Can change student	6	change_student
23	Can delete student	6	delete_student
24	Can view student	6	view_student
25	Can add My User	7	add_myuser
26	Can change My User	7	change_myuser
27	Can delete My User	7	delete_myuser
28	Can view My User	7	view_myuser
29	Can add task result	8	add_taskresult
30	Can change task result	8	change_taskresult
31	Can delete task result	8	delete_taskresult
32	Can view task result	8	view_taskresult
33	Can add chord counter	9	add_chordcounter
34	Can change chord counter	9	change_chordcounter
35	Can delete chord counter	9	delete_chordcounter
36	Can view chord counter	9	view_chordcounter
37	Can add group result	10	add_groupresult
38	Can change group result	10	change_groupresult
39	Can delete group result	10	delete_groupresult
40	Can view group result	10	view_groupresult
62	Can add crontab	41	add_crontabschedule
63	Can change crontab	41	change_crontabschedule
64	Can delete crontab	41	delete_crontabschedule
65	Can view crontab	41	view_crontabschedule
66	Can add interval	42	add_intervalschedule
67	Can change interval	42	change_intervalschedule
68	Can delete interval	42	delete_intervalschedule
69	Can view interval	42	view_intervalschedule
70	Can add periodic task	43	add_periodictask
71	Can change periodic task	43	change_periodictask
72	Can delete periodic task	43	delete_periodictask
73	Can view periodic task	43	view_periodictask
74	Can add periodic task track	44	add_periodictasks
75	Can change periodic task track	44	change_periodictasks
76	Can delete periodic task track	44	delete_periodictasks
77	Can view periodic task track	44	view_periodictasks
78	Can add solar event	45	add_solarschedule
79	Can change solar event	45	change_solarschedule
80	Can delete solar event	45	delete_solarschedule
81	Can view solar event	45	view_solarschedule
82	Can add clocked	46	add_clockedschedule
83	Can change clocked	46	change_clockedschedule
84	Can delete clocked	46	delete_clockedschedule
85	Can view clocked	46	view_clockedschedule
\.


--
-- Data for Name: django_admin_log; Type: TABLE DATA; Schema: public; Owner: postgres
--

COPY public.django_admin_log (id, action_time, object_id, object_repr, action_flag, change_message, content_type_id, user_id) FROM stdin;
\.


--
-- Data for Name: django_celery_beat_clockedschedule; Type: TABLE DATA; Schema: public; Owner: postgres
--

COPY public.django_celery_beat_clockedschedule (id, clocked_time) FROM stdin;
\.


--
-- Data for Name: django_celery_beat_crontabschedule; Type: TABLE DATA; Schema: public; Owner: postgres
--

COPY public.django_celery_beat_crontabschedule (id, minute, hour, day_of_week, day_of_month, month_of_year, timezone) FROM stdin;
\.


--
-- Data for Name: django_celery_beat_intervalschedule; Type: TABLE DATA; Schema: public; Owner: postgres
--

COPY public.django_celery_beat_intervalschedule (id, every, period) FROM stdin;
\.


--
-- Data for Name: django_celery_beat_periodictask; Type: TABLE DATA; Schema: public; Owner: postgres
--

COPY public.django_celery_beat_periodictask (id, name, task, args, kwargs, queue, exchange, routing_key, expires, enabled, last_run_at, total_run_count, date_changed, description, crontab_id, interval_id, solar_id, one_off, start_time, priority, headers, clocked_id, expire_seconds) FROM stdin;
\.


--
-- Data for Name: django_celery_beat_periodictasks; Type: TABLE DATA; Schema: public; Owner: postgres
--

COPY public.django_celery_beat_periodictasks (ident, last_update) FROM stdin;
\.


--
-- Data for Name: django_celery_beat_solarschedule; Type: TABLE DATA; Schema: public; Owner: postgres
--

COPY public.django_celery_beat_solarschedule (id, event, latitude, longitude) FROM stdin;
\.


--
-- Data for Name: django_celery_results_chordcounter; Type: TABLE DATA; Schema: public; Owner: postgres
--

COPY public.django_celery_results_chordcounter (id, group_id, sub_tasks, count) FROM stdin;
\.


--
-- Data for Name: django_celery_results_groupresult; Type: TABLE DATA; Schema: public; Owner: postgres
--

COPY public.django_celery_results_groupresult (id, group_id, date_created, date_done, content_type, content_encoding, result) FROM stdin;
\.


--
-- Data for Name: django_celery_results_taskresult; Type: TABLE DATA; Schema: public; Owner: postgres
--

COPY public.django_celery_results_taskresult (id, task_id, status, content_type, content_encoding, result, date_done, traceback, meta, task_args, task_kwargs, task_name, worker, date_created, periodic_task_name, date_started) FROM stdin;
1	c4f0f4b0-d3a4-4453-bd22-39aeaa9bd4c1	SUCCESS	application/json	utf-8	"Task-2025-08-26 19:57:27.125578"	2025-08-26 19:57:27.18106+00	\N	{"children": []}	\N	\N	\N	\N	2025-08-26 19:57:27.181024+00	\N	\N
2	075492dd-1450-4f86-9048-63983996257b	SUCCESS	application/json	utf-8	"Task-2025-08-26 19:57:46.371436"	2025-08-26 19:57:46.417484+00	\N	{"children": []}	\N	\N	\N	\N	2025-08-26 19:57:46.417426+00	\N	\N
3	31ca342f-6e04-4f5a-9f8b-a6e656cffa55	SUCCESS	application/json	utf-8	"Task-2025-08-26 19:57:46.439476"	2025-08-26 19:57:46.474365+00	\N	{"children": []}	\N	\N	\N	\N	2025-08-26 19:57:46.474319+00	\N	\N
4	af097859-0681-4f7b-8cfc-f1431a119e5b	SUCCESS	application/json	utf-8	"Task-2025-08-26 19:58:00.017514"	2025-08-26 19:58:00.056674+00	\N	{"children": []}	\N	\N	\N	\N	2025-08-26 19:58:00.056633+00	\N	\N
5	846d4005-ae30-4fa0-b4f1-195dafcb321e	SUCCESS	application/json	utf-8	"Task-2025-08-26 20:00:00.011393"	2025-08-26 20:00:00.066198+00	\N	{"children": []}	\N	\N	\N	\N	2025-08-26 20:00:00.066152+00	\N	\N
6	7eef57cf-5824-4386-8d39-cfa1bfe70a3c	SUCCESS	application/json	utf-8	"Task-2025-08-26 20:02:00.039539"	2025-08-26 20:02:00.10416+00	\N	{"children": []}	\N	\N	\N	\N	2025-08-26 20:02:00.104123+00	\N	\N
34	ddd22024-2d55-4412-b9ca-0aaa0d1eb93b	SUCCESS	application/json	utf-8	"Task-2025-08-27 13:53:23.135749"	2025-08-27 08:23:23.210054+00	\N	{"children": []}	\N	\N	\N	\N	2025-08-27 08:23:23.210032+00	\N	\N
35	22ba9f4f-84d3-4d9f-97a6-204c4472c870	SUCCESS	application/json	utf-8	"Task-2025-08-27 13:54:00.003670"	2025-08-27 08:24:00.028081+00	\N	{"children": []}	\N	\N	\N	\N	2025-08-27 08:24:00.028056+00	\N	\N
36	64be6202-4794-41e8-b19e-2fe075026ff2	SUCCESS	application/json	utf-8	"Task-2025-08-27 13:56:00.003957"	2025-08-27 08:26:00.043662+00	\N	{"children": []}	\N	\N	\N	\N	2025-08-27 08:26:00.043641+00	\N	\N
37	92656377-8643-4638-adda-4d461765bd6b	SUCCESS	application/json	utf-8	"Task-2025-08-27 13:57:14.380363"	2025-08-27 08:27:14.396226+00	\N	{"children": []}	\N	\N	\N	\N	2025-08-27 08:27:14.396203+00	\N	\N
38	c002d0ff-590b-4cc3-bea4-3a23986f6d25	SUCCESS	application/json	utf-8	"Task-2025-08-27 13:57:14.403531"	2025-08-27 08:27:14.41686+00	\N	{"children": []}	\N	\N	\N	\N	2025-08-27 08:27:14.416842+00	\N	\N
39	213c51dd-3d74-4776-b3b6-430258416ad5	SUCCESS	application/json	utf-8	"Task-2025-08-27 13:58:00.006760"	2025-08-27 08:28:00.021457+00	\N	{"children": []}	\N	\N	\N	\N	2025-08-27 08:28:00.02143+00	\N	\N
40	8c34cddf-2bc5-4446-9d82-388fed4ad581	SUCCESS	application/json	utf-8	"Task-2025-08-27 14:00:00.011011"	2025-08-27 08:30:00.026093+00	\N	{"children": []}	\N	\N	\N	\N	2025-08-27 08:30:00.026036+00	\N	\N
41	f6df8bf1-1319-4318-9d14-5151f9fe60fc	SUCCESS	application/json	utf-8	"Task-2025-08-27 14:02:00.003902"	2025-08-27 08:32:00.01774+00	\N	{"children": []}	\N	\N	\N	\N	2025-08-27 08:32:00.017712+00	\N	\N
42	78012c87-1618-4958-940d-93601729734e	SUCCESS	application/json	utf-8	"Task-2025-08-27 14:04:00.003286"	2025-08-27 08:34:00.01742+00	\N	{"children": []}	\N	\N	\N	\N	2025-08-27 08:34:00.017402+00	\N	\N
43	3216b24b-1a13-4c78-9b2f-7342086bf1a8	SUCCESS	application/json	utf-8	"Task-2025-08-27 14:06:00.013080"	2025-08-27 08:36:00.029173+00	\N	{"children": []}	\N	\N	\N	\N	2025-08-27 08:36:00.02914+00	\N	\N
44	52e71cc7-a9b2-45fd-aca1-1ef3cabdb081	SUCCESS	application/json	utf-8	"Task-2025-08-27 14:08:00.004172"	2025-08-27 08:38:00.030609+00	\N	{"children": []}	\N	\N	\N	\N	2025-08-27 08:38:00.030535+00	\N	\N
45	51572f1a-311d-4fda-988b-113f7bd7515c	SUCCESS	application/json	utf-8	"Task-2025-08-27 14:10:00.023534"	2025-08-27 08:40:00.038874+00	\N	{"children": []}	\N	\N	\N	\N	2025-08-27 08:40:00.038852+00	\N	\N
46	c707b368-affe-4e81-8b48-da49d74dca96	SUCCESS	application/json	utf-8	"Task-2025-08-27 14:12:00.003757"	2025-08-27 08:42:00.034061+00	\N	{"children": []}	\N	\N	\N	\N	2025-08-27 08:42:00.03404+00	\N	\N
47	19e62358-7b24-46c2-94dc-07c5e28f3e14	SUCCESS	application/json	utf-8	"Task-2025-08-27 14:18:00.035094"	2025-08-27 08:48:00.05444+00	\N	{"children": []}	\N	\N	\N	\N	2025-08-27 08:48:00.054419+00	\N	\N
48	136db625-6815-4c9e-861b-68a91019c6c0	SUCCESS	application/json	utf-8	"Task-2025-08-27 14:20:00.011632"	2025-08-27 08:50:00.028224+00	\N	{"children": []}	\N	\N	\N	\N	2025-08-27 08:50:00.028201+00	\N	\N
49	e702a3dd-bdca-426e-9467-90cabd30b36c	SUCCESS	application/json	utf-8	"Task-2025-08-27 14:22:00.004178"	2025-08-27 08:52:00.018008+00	\N	{"children": []}	\N	\N	\N	\N	2025-08-27 08:52:00.017983+00	\N	\N
82	8859bbb4-5899-48fc-95d1-4db013c7e12a	SUCCESS	application/json	utf-8	"Task-2025-08-27 14:22:33.805565"	2025-08-27 08:52:33.86924+00	\N	{"children": []}	\N	\N	\N	\N	2025-08-27 08:52:33.8692+00	\N	\N
83	ad914eff-7233-4dfb-ba8f-637c919714ee	SUCCESS	application/json	utf-8	"Task-2025-08-27 14:24:00.007926"	2025-08-27 08:54:00.025624+00	\N	{"children": []}	\N	\N	\N	\N	2025-08-27 08:54:00.025597+00	\N	\N
\.


--
-- Data for Name: django_content_type; Type: TABLE DATA; Schema: public; Owner: postgres
--

COPY public.django_content_type (id, app_label, model) FROM stdin;
1	admin	logentry
2	auth	permission
3	auth	group
4	contenttypes	contenttype
5	sessions	session
6	management	student
7	management	myuser
8	django_celery_results	taskresult
9	django_celery_results	chordcounter
10	django_celery_results	groupresult
41	django_celery_beat	crontabschedule
42	django_celery_beat	intervalschedule
43	django_celery_beat	periodictask
44	django_celery_beat	periodictasks
45	django_celery_beat	solarschedule
46	django_celery_beat	clockedschedule
\.


--
-- Data for Name: django_migrations; Type: TABLE DATA; Schema: public; Owner: postgres
--

COPY public.django_migrations (id, app, name, applied) FROM stdin;
1	contenttypes	0001_initial	2025-08-26 16:18:07.630293+00
2	contenttypes	0002_remove_content_type_name	2025-08-26 16:18:07.63927+00
3	auth	0001_initial	2025-08-26 16:18:07.677849+00
4	auth	0002_alter_permission_name_max_length	2025-08-26 16:18:07.686496+00
5	auth	0003_alter_user_email_max_length	2025-08-26 16:18:07.695714+00
6	auth	0004_alter_user_username_opts	2025-08-26 16:18:07.704725+00
7	auth	0005_alter_user_last_login_null	2025-08-26 16:18:07.71365+00
8	auth	0006_require_contenttypes_0002	2025-08-26 16:18:07.716771+00
9	auth	0007_alter_validators_add_error_messages	2025-08-26 16:18:07.72669+00
10	auth	0008_alter_user_username_max_length	2025-08-26 16:18:07.735735+00
11	auth	0009_alter_user_last_name_max_length	2025-08-26 16:18:07.744455+00
12	auth	0010_alter_group_name_max_length	2025-08-26 16:18:07.754283+00
13	auth	0011_update_proxy_permissions	2025-08-26 16:18:07.761868+00
14	auth	0012_alter_user_first_name_max_length	2025-08-26 16:18:07.768794+00
15	management	0001_initial	2025-08-26 16:18:07.806286+00
16	admin	0001_initial	2025-08-26 16:18:07.840542+00
17	admin	0002_logentry_remove_auto_add	2025-08-26 16:18:07.847804+00
18	admin	0003_logentry_add_action_flag_choices	2025-08-26 16:18:07.855873+00
19	management	0002_alter_myuser_role	2025-08-26 16:18:07.865778+00
20	sessions	0001_initial	2025-08-26 16:18:07.874336+00
21	django_celery_results	0001_initial	2025-08-26 19:18:45.741472+00
22	django_celery_results	0002_add_task_name_args_kwargs	2025-08-26 19:18:45.756226+00
23	django_celery_results	0003_auto_20181106_1101	2025-08-26 19:18:45.764042+00
24	django_celery_results	0004_auto_20190516_0412	2025-08-26 19:18:45.792366+00
25	django_celery_results	0005_taskresult_worker	2025-08-26 19:18:45.804097+00
26	django_celery_results	0006_taskresult_date_created	2025-08-26 19:18:45.831014+00
27	django_celery_results	0007_remove_taskresult_hidden	2025-08-26 19:18:45.836344+00
28	django_celery_results	0008_chordcounter	2025-08-26 19:18:45.847421+00
29	django_celery_results	0009_groupresult	2025-08-26 19:18:45.928458+00
30	django_celery_results	0010_remove_duplicate_indices	2025-08-26 19:18:45.938035+00
31	django_celery_results	0011_taskresult_periodic_task_name	2025-08-26 19:18:45.942562+00
32	django_celery_results	0012_taskresult_date_started	2025-08-26 19:18:45.948761+00
33	django_celery_results	0013_taskresult_django_cele_periodi_1993cf_idx	2025-08-26 19:18:45.954951+00
34	django_celery_results	0014_alter_taskresult_status	2025-08-26 19:18:45.959258+00
54	django_celery_beat	0001_initial	2025-08-26 19:49:24.262701+00
55	django_celery_beat	0002_auto_20161118_0346	2025-08-26 19:49:24.315657+00
56	django_celery_beat	0003_auto_20161209_0049	2025-08-26 19:49:24.336329+00
57	django_celery_beat	0004_auto_20170221_0000	2025-08-26 19:49:24.350445+00
58	django_celery_beat	0005_add_solarschedule_events_choices	2025-08-26 19:49:24.363995+00
59	django_celery_beat	0006_auto_20180322_0932	2025-08-26 19:49:24.480873+00
60	django_celery_beat	0007_auto_20180521_0826	2025-08-26 19:49:24.538384+00
61	django_celery_beat	0008_auto_20180914_1922	2025-08-26 19:49:24.666906+00
62	django_celery_beat	0006_auto_20180210_1226	2025-08-26 19:49:24.731898+00
63	django_celery_beat	0006_periodictask_priority	2025-08-26 19:49:24.762942+00
64	django_celery_beat	0009_periodictask_headers	2025-08-26 19:49:24.791678+00
65	django_celery_beat	0010_auto_20190429_0326	2025-08-26 19:49:25.335461+00
66	django_celery_beat	0011_auto_20190508_0153	2025-08-26 19:49:25.383167+00
67	django_celery_beat	0012_periodictask_expire_seconds	2025-08-26 19:49:25.415714+00
68	django_celery_beat	0013_auto_20200609_0727	2025-08-26 19:49:25.451619+00
69	django_celery_beat	0014_remove_clockedschedule_enabled	2025-08-26 19:49:25.466401+00
70	django_celery_beat	0015_edit_solarschedule_events_choices	2025-08-26 19:49:25.480136+00
71	django_celery_beat	0016_alter_crontabschedule_timezone	2025-08-26 19:49:25.518975+00
72	django_celery_beat	0017_alter_crontabschedule_month_of_year	2025-08-26 19:49:25.544666+00
73	django_celery_beat	0018_improve_crontab_helptext	2025-08-26 19:49:25.572069+00
74	django_celery_beat	0019_alter_periodictasks_options	2025-08-26 19:49:25.580254+00
\.


--
-- Data for Name: django_session; Type: TABLE DATA; Schema: public; Owner: postgres
--

COPY public.django_session (session_key, session_data, expire_date) FROM stdin;
kx8ewkcpjh1z8fz1hdhvh72hzuh7dxy0	.eJxVjDsOwjAQBe_iGln-b0JJzxmsXa_BAWRLcVIh7k4ipYD2zcx7i4jrUuLa8xwnFmdhxOl3I0zPXHfAD6z3JlOryzyR3BV50C6vjfPrcrh_BwV72WrN1jrFFtg7R4ksox9ABwRUFmy-gVNEachBG8x6DKMCb8BswJMDLz5f03M3Pg:1uqCNy:L7KILCZw2r5K2UXrg2vSnYh0LQrvIb6h4Se43nRJjXk	2025-09-07 15:11:58.024819+00
k9kxzhtbfipx44c3b8iy8ka8v7kybwcy	.eJxVjDsOwjAQRO_iGlmxhT9LSc8ZrF3vGgeQI8VJhbg7iZQCNN28N_NWCdelprXLnEZWF2XU6bcjzE9pO-AHtvuk89SWeSS9K_qgXd8mltf1cP8OKva6rbF4iSWeJXvLGBDBAdvBFwuZiMAJw4DIzkMsLrBBl00Q5C1ZPKnPFxmcOb4:1uqwek:Xxpe5RL5NyY9tRP5yc-aK7lYZWjGOBVhGC2iTDbfQNc	2025-09-09 16:36:22.01059+00
9dyl43btgp77rtgnchzaxjsd3nuy3eqy	.eJxVjDsOwjAQBe_iGln-b0JJzxmsXa_BAWRLcVIh7k4ipYD2zcx7i4jrUuLa8xwnFmdhxOl3I0zPXHfAD6z3JlOryzyR3BV50C6vjfPrcrh_BwV72WrN1jrFFtg7R4ksox9ABwRUFmy-gVNEachBG8x6DKMCb8BswJMDLz5f03M3Pg:1urBu1:Gbz6DjXHJllwY-WLS9De_YgovZx-DsCw7wLcYyJ8fwY	2025-09-10 08:53:09.908525+00
\.


--
-- Data for Name: management_myuser; Type: TABLE DATA; Schema: public; Owner: postgres
--

COPY public.management_myuser (id, password, last_login, is_superuser, username, first_name, last_name, email, is_staff, is_active, date_joined, role) FROM stdin;
1	pbkdf2_sha256$1000000$GVSlDNT5dSwnZIpE3sroau$uJzGVB9gH/s/oAQkPrvr93eu4mIpgRkZ3/rpETBQtcA=	2025-08-27 08:28:08.427257+00	t	admin				t	t	2025-08-24 15:09:28.737511+00	1
2	pbkdf2_sha256$1000000$dbC9FDbXWns9l76EO3mb1Z$bOeJCpJdNMymY6HgK4Ogp/XtD9AM7H14ttsC5pZDyx4=	2025-08-27 08:53:09.897397+00	f	abhishek				f	t	2025-08-24 15:11:37.597105+00	1
\.


--
-- Data for Name: management_myuser_groups; Type: TABLE DATA; Schema: public; Owner: postgres
--

COPY public.management_myuser_groups (id, myuser_id, group_id) FROM stdin;
\.


--
-- Data for Name: management_myuser_user_permissions; Type: TABLE DATA; Schema: public; Owner: postgres
--

COPY public.management_myuser_user_permissions (id, myuser_id, permission_id) FROM stdin;
\.


--
-- Data for Name: management_student; Type: TABLE DATA; Schema: public; Owner: postgres
--

COPY public.management_student (id, name, subject, mark) FROM stdin;
1	abhishek admin	pgdb	10
2	first-1	CSS	80
3	django-celery	celery	89
4	postgres-1	postgres	90
5	final backup in sql	backup	80
\.


--
-- Name: auth_group_id_seq; Type: SEQUENCE SET; Schema: public; Owner: postgres
--

SELECT pg_catalog.setval('public.auth_group_id_seq', 1, false);


--
-- Name: auth_group_permissions_id_seq; Type: SEQUENCE SET; Schema: public; Owner: postgres
--

SELECT pg_catalog.setval('public.auth_group_permissions_id_seq', 1, false);


--
-- Name: auth_permission_id_seq; Type: SEQUENCE SET; Schema: public; Owner: postgres
--

SELECT pg_catalog.setval('public.auth_permission_id_seq', 85, true);


--
-- Name: django_admin_log_id_seq; Type: SEQUENCE SET; Schema: public; Owner: postgres
--

SELECT pg_catalog.setval('public.django_admin_log_id_seq', 3, true);


--
-- Name: django_celery_beat_clockedschedule_id_seq; Type: SEQUENCE SET; Schema: public; Owner: postgres
--

SELECT pg_catalog.setval('public.django_celery_beat_clockedschedule_id_seq', 1, false);


--
-- Name: django_celery_beat_crontabschedule_id_seq; Type: SEQUENCE SET; Schema: public; Owner: postgres
--

SELECT pg_catalog.setval('public.django_celery_beat_crontabschedule_id_seq', 1, false);


--
-- Name: django_celery_beat_intervalschedule_id_seq; Type: SEQUENCE SET; Schema: public; Owner: postgres
--

SELECT pg_catalog.setval('public.django_celery_beat_intervalschedule_id_seq', 1, false);


--
-- Name: django_celery_beat_periodictask_id_seq; Type: SEQUENCE SET; Schema: public; Owner: postgres
--

SELECT pg_catalog.setval('public.django_celery_beat_periodictask_id_seq', 1, false);


--
-- Name: django_celery_beat_solarschedule_id_seq; Type: SEQUENCE SET; Schema: public; Owner: postgres
--

SELECT pg_catalog.setval('public.django_celery_beat_solarschedule_id_seq', 1, false);


--
-- Name: django_celery_results_chordcounter_id_seq; Type: SEQUENCE SET; Schema: public; Owner: postgres
--

SELECT pg_catalog.setval('public.django_celery_results_chordcounter_id_seq', 1, false);


--
-- Name: django_celery_results_groupresult_id_seq; Type: SEQUENCE SET; Schema: public; Owner: postgres
--

SELECT pg_catalog.setval('public.django_celery_results_groupresult_id_seq', 1, false);


--
-- Name: django_celery_results_taskresult_id_seq; Type: SEQUENCE SET; Schema: public; Owner: postgres
--

SELECT pg_catalog.setval('public.django_celery_results_taskresult_id_seq', 83, true);


--
-- Name: django_content_type_id_seq; Type: SEQUENCE SET; Schema: public; Owner: postgres
--

SELECT pg_catalog.setval('public.django_content_type_id_seq', 46, true);


--
-- Name: django_migrations_id_seq; Type: SEQUENCE SET; Schema: public; Owner: postgres
--

SELECT pg_catalog.setval('public.django_migrations_id_seq', 74, true);


--
-- Name: management_myuser_groups_id_seq; Type: SEQUENCE SET; Schema: public; Owner: postgres
--

SELECT pg_catalog.setval('public.management_myuser_groups_id_seq', 1, false);


--
-- Name: management_myuser_id_seq; Type: SEQUENCE SET; Schema: public; Owner: postgres
--

SELECT pg_catalog.setval('public.management_myuser_id_seq', 2, true);


--
-- Name: management_myuser_user_permissions_id_seq; Type: SEQUENCE SET; Schema: public; Owner: postgres
--

SELECT pg_catalog.setval('public.management_myuser_user_permissions_id_seq', 1, false);


--
-- Name: management_student_id_seq; Type: SEQUENCE SET; Schema: public; Owner: postgres
--

SELECT pg_catalog.setval('public.management_student_id_seq', 36, true);


--
-- Name: auth_group auth_group_name_key; Type: CONSTRAINT; Schema: public; Owner: postgres
--

ALTER TABLE ONLY public.auth_group
    ADD CONSTRAINT auth_group_name_key UNIQUE (name);


--
-- Name: auth_group_permissions auth_group_permissions_group_id_permission_id_0cd325b0_uniq; Type: CONSTRAINT; Schema: public; Owner: postgres
--

ALTER TABLE ONLY public.auth_group_permissions
    ADD CONSTRAINT auth_group_permissions_group_id_permission_id_0cd325b0_uniq UNIQUE (group_id, permission_id);


--
-- Name: auth_group_permissions auth_group_permissions_pkey; Type: CONSTRAINT; Schema: public; Owner: postgres
--

ALTER TABLE ONLY public.auth_group_permissions
    ADD CONSTRAINT auth_group_permissions_pkey PRIMARY KEY (id);


--
-- Name: auth_group auth_group_pkey; Type: CONSTRAINT; Schema: public; Owner: postgres
--

ALTER TABLE ONLY public.auth_group
    ADD CONSTRAINT auth_group_pkey PRIMARY KEY (id);


--
-- Name: auth_permission auth_permission_content_type_id_codename_01ab375a_uniq; Type: CONSTRAINT; Schema: public; Owner: postgres
--

ALTER TABLE ONLY public.auth_permission
    ADD CONSTRAINT auth_permission_content_type_id_codename_01ab375a_uniq UNIQUE (content_type_id, codename);


--
-- Name: auth_permission auth_permission_pkey; Type: CONSTRAINT; Schema: public; Owner: postgres
--

ALTER TABLE ONLY public.auth_permission
    ADD CONSTRAINT auth_permission_pkey PRIMARY KEY (id);


--
-- Name: django_admin_log django_admin_log_pkey; Type: CONSTRAINT; Schema: public; Owner: postgres
--

ALTER TABLE ONLY public.django_admin_log
    ADD CONSTRAINT django_admin_log_pkey PRIMARY KEY (id);


--
-- Name: django_celery_beat_clockedschedule django_celery_beat_clockedschedule_pkey; Type: CONSTRAINT; Schema: public; Owner: postgres
--

ALTER TABLE ONLY public.django_celery_beat_clockedschedule
    ADD CONSTRAINT django_celery_beat_clockedschedule_pkey PRIMARY KEY (id);


--
-- Name: django_celery_beat_crontabschedule django_celery_beat_crontabschedule_pkey; Type: CONSTRAINT; Schema: public; Owner: postgres
--

ALTER TABLE ONLY public.django_celery_beat_crontabschedule
    ADD CONSTRAINT django_celery_beat_crontabschedule_pkey PRIMARY KEY (id);


--
-- Name: django_celery_beat_intervalschedule django_celery_beat_intervalschedule_pkey; Type: CONSTRAINT; Schema: public; Owner: postgres
--

ALTER TABLE ONLY public.django_celery_beat_intervalschedule
    ADD CONSTRAINT django_celery_beat_intervalschedule_pkey PRIMARY KEY (id);


--
-- Name: django_celery_beat_periodictask django_celery_beat_periodictask_name_key; Type: CONSTRAINT; Schema: public; Owner: postgres
--

ALTER TABLE ONLY public.django_celery_beat_periodictask
    ADD CONSTRAINT django_celery_beat_periodictask_name_key UNIQUE (name);


--
-- Name: django_celery_beat_periodictask django_celery_beat_periodictask_pkey; Type: CONSTRAINT; Schema: public; Owner: postgres
--

ALTER TABLE ONLY public.django_celery_beat_periodictask
    ADD CONSTRAINT django_celery_beat_periodictask_pkey PRIMARY KEY (id);


--
-- Name: django_celery_beat_periodictasks django_celery_beat_periodictasks_pkey; Type: CONSTRAINT; Schema: public; Owner: postgres
--

ALTER TABLE ONLY public.django_celery_beat_periodictasks
    ADD CONSTRAINT django_celery_beat_periodictasks_pkey PRIMARY KEY (ident);


--
-- Name: django_celery_beat_solarschedule django_celery_beat_solar_event_latitude_longitude_ba64999a_uniq; Type: CONSTRAINT; Schema: public; Owner: postgres
--

ALTER TABLE ONLY public.django_celery_beat_solarschedule
    ADD CONSTRAINT django_celery_beat_solar_event_latitude_longitude_ba64999a_uniq UNIQUE (event, latitude, longitude);


--
-- Name: django_celery_beat_solarschedule django_celery_beat_solarschedule_pkey; Type: CONSTRAINT; Schema: public; Owner: postgres
--

ALTER TABLE ONLY public.django_celery_beat_solarschedule
    ADD CONSTRAINT django_celery_beat_solarschedule_pkey PRIMARY KEY (id);


--
-- Name: django_celery_results_chordcounter django_celery_results_chordcounter_group_id_key; Type: CONSTRAINT; Schema: public; Owner: postgres
--

ALTER TABLE ONLY public.django_celery_results_chordcounter
    ADD CONSTRAINT django_celery_results_chordcounter_group_id_key UNIQUE (group_id);


--
-- Name: django_celery_results_chordcounter django_celery_results_chordcounter_pkey; Type: CONSTRAINT; Schema: public; Owner: postgres
--

ALTER TABLE ONLY public.django_celery_results_chordcounter
    ADD CONSTRAINT django_celery_results_chordcounter_pkey PRIMARY KEY (id);


--
-- Name: django_celery_results_groupresult django_celery_results_groupresult_group_id_key; Type: CONSTRAINT; Schema: public; Owner: postgres
--

ALTER TABLE ONLY public.django_celery_results_groupresult
    ADD CONSTRAINT django_celery_results_groupresult_group_id_key UNIQUE (group_id);


--
-- Name: django_celery_results_groupresult django_celery_results_groupresult_pkey; Type: CONSTRAINT; Schema: public; Owner: postgres
--

ALTER TABLE ONLY public.django_celery_results_groupresult
    ADD CONSTRAINT django_celery_results_groupresult_pkey PRIMARY KEY (id);


--
-- Name: django_celery_results_taskresult django_celery_results_taskresult_pkey; Type: CONSTRAINT; Schema: public; Owner: postgres
--

ALTER TABLE ONLY public.django_celery_results_taskresult
    ADD CONSTRAINT django_celery_results_taskresult_pkey PRIMARY KEY (id);


--
-- Name: django_celery_results_taskresult django_celery_results_taskresult_task_id_key; Type: CONSTRAINT; Schema: public; Owner: postgres
--

ALTER TABLE ONLY public.django_celery_results_taskresult
    ADD CONSTRAINT django_celery_results_taskresult_task_id_key UNIQUE (task_id);


--
-- Name: django_content_type django_content_type_app_label_model_76bd3d3b_uniq; Type: CONSTRAINT; Schema: public; Owner: postgres
--

ALTER TABLE ONLY public.django_content_type
    ADD CONSTRAINT django_content_type_app_label_model_76bd3d3b_uniq UNIQUE (app_label, model);


--
-- Name: django_content_type django_content_type_pkey; Type: CONSTRAINT; Schema: public; Owner: postgres
--

ALTER TABLE ONLY public.django_content_type
    ADD CONSTRAINT django_content_type_pkey PRIMARY KEY (id);


--
-- Name: django_migrations django_migrations_pkey; Type: CONSTRAINT; Schema: public; Owner: postgres
--

ALTER TABLE ONLY public.django_migrations
    ADD CONSTRAINT django_migrations_pkey PRIMARY KEY (id);


--
-- Name: django_session django_session_pkey; Type: CONSTRAINT; Schema: public; Owner: postgres
--

ALTER TABLE ONLY public.django_session
    ADD CONSTRAINT django_session_pkey PRIMARY KEY (session_key);


--
-- Name: management_myuser_groups management_myuser_groups_myuser_id_group_id_ed7bd1d0_uniq; Type: CONSTRAINT; Schema: public; Owner: postgres
--

ALTER TABLE ONLY public.management_myuser_groups
    ADD CONSTRAINT management_myuser_groups_myuser_id_group_id_ed7bd1d0_uniq UNIQUE (myuser_id, group_id);


--
-- Name: management_myuser_groups management_myuser_groups_pkey; Type: CONSTRAINT; Schema: public; Owner: postgres
--

ALTER TABLE ONLY public.management_myuser_groups
    ADD CONSTRAINT management_myuser_groups_pkey PRIMARY KEY (id);


--
-- Name: management_myuser management_myuser_pkey; Type: CONSTRAINT; Schema: public; Owner: postgres
--

ALTER TABLE ONLY public.management_myuser
    ADD CONSTRAINT management_myuser_pkey PRIMARY KEY (id);


--
-- Name: management_myuser_user_permissions management_myuser_user_p_myuser_id_permission_id_ac9569ea_uniq; Type: CONSTRAINT; Schema: public; Owner: postgres
--

ALTER TABLE ONLY public.management_myuser_user_permissions
    ADD CONSTRAINT management_myuser_user_p_myuser_id_permission_id_ac9569ea_uniq UNIQUE (myuser_id, permission_id);


--
-- Name: management_myuser_user_permissions management_myuser_user_permissions_pkey; Type: CONSTRAINT; Schema: public; Owner: postgres
--

ALTER TABLE ONLY public.management_myuser_user_permissions
    ADD CONSTRAINT management_myuser_user_permissions_pkey PRIMARY KEY (id);


--
-- Name: management_myuser management_myuser_username_key; Type: CONSTRAINT; Schema: public; Owner: postgres
--

ALTER TABLE ONLY public.management_myuser
    ADD CONSTRAINT management_myuser_username_key UNIQUE (username);


--
-- Name: management_student management_student_pkey; Type: CONSTRAINT; Schema: public; Owner: postgres
--

ALTER TABLE ONLY public.management_student
    ADD CONSTRAINT management_student_pkey PRIMARY KEY (id);


--
-- Name: auth_group_name_a6ea08ec_like; Type: INDEX; Schema: public; Owner: postgres
--

CREATE INDEX auth_group_name_a6ea08ec_like ON public.auth_group USING btree (name varchar_pattern_ops);


--
-- Name: auth_group_permissions_group_id_b120cbf9; Type: INDEX; Schema: public; Owner: postgres
--

CREATE INDEX auth_group_permissions_group_id_b120cbf9 ON public.auth_group_permissions USING btree (group_id);


--
-- Name: auth_group_permissions_permission_id_84c5c92e; Type: INDEX; Schema: public; Owner: postgres
--

CREATE INDEX auth_group_permissions_permission_id_84c5c92e ON public.auth_group_permissions USING btree (permission_id);


--
-- Name: auth_permission_content_type_id_2f476e4b; Type: INDEX; Schema: public; Owner: postgres
--

CREATE INDEX auth_permission_content_type_id_2f476e4b ON public.auth_permission USING btree (content_type_id);


--
-- Name: django_admin_log_content_type_id_c4bce8eb; Type: INDEX; Schema: public; Owner: postgres
--

CREATE INDEX django_admin_log_content_type_id_c4bce8eb ON public.django_admin_log USING btree (content_type_id);


--
-- Name: django_admin_log_user_id_c564eba6; Type: INDEX; Schema: public; Owner: postgres
--

CREATE INDEX django_admin_log_user_id_c564eba6 ON public.django_admin_log USING btree (user_id);


--
-- Name: django_cele_date_cr_bd6c1d_idx; Type: INDEX; Schema: public; Owner: postgres
--

CREATE INDEX django_cele_date_cr_bd6c1d_idx ON public.django_celery_results_groupresult USING btree (date_created);


--
-- Name: django_cele_date_cr_f04a50_idx; Type: INDEX; Schema: public; Owner: postgres
--

CREATE INDEX django_cele_date_cr_f04a50_idx ON public.django_celery_results_taskresult USING btree (date_created);


--
-- Name: django_cele_date_do_caae0e_idx; Type: INDEX; Schema: public; Owner: postgres
--

CREATE INDEX django_cele_date_do_caae0e_idx ON public.django_celery_results_groupresult USING btree (date_done);


--
-- Name: django_cele_date_do_f59aad_idx; Type: INDEX; Schema: public; Owner: postgres
--

CREATE INDEX django_cele_date_do_f59aad_idx ON public.django_celery_results_taskresult USING btree (date_done);


--
-- Name: django_cele_periodi_1993cf_idx; Type: INDEX; Schema: public; Owner: postgres
--

CREATE INDEX django_cele_periodi_1993cf_idx ON public.django_celery_results_taskresult USING btree (periodic_task_name);


--
-- Name: django_cele_status_9b6201_idx; Type: INDEX; Schema: public; Owner: postgres
--

CREATE INDEX django_cele_status_9b6201_idx ON public.django_celery_results_taskresult USING btree (status);


--
-- Name: django_cele_task_na_08aec9_idx; Type: INDEX; Schema: public; Owner: postgres
--

CREATE INDEX django_cele_task_na_08aec9_idx ON public.django_celery_results_taskresult USING btree (task_name);


--
-- Name: django_cele_worker_d54dd8_idx; Type: INDEX; Schema: public; Owner: postgres
--

CREATE INDEX django_cele_worker_d54dd8_idx ON public.django_celery_results_taskresult USING btree (worker);


--
-- Name: django_celery_beat_periodictask_clocked_id_47a69f82; Type: INDEX; Schema: public; Owner: postgres
--

CREATE INDEX django_celery_beat_periodictask_clocked_id_47a69f82 ON public.django_celery_beat_periodictask USING btree (clocked_id);


--
-- Name: django_celery_beat_periodictask_crontab_id_d3cba168; Type: INDEX; Schema: public; Owner: postgres
--

CREATE INDEX django_celery_beat_periodictask_crontab_id_d3cba168 ON public.django_celery_beat_periodictask USING btree (crontab_id);


--
-- Name: django_celery_beat_periodictask_interval_id_a8ca27da; Type: INDEX; Schema: public; Owner: postgres
--

CREATE INDEX django_celery_beat_periodictask_interval_id_a8ca27da ON public.django_celery_beat_periodictask USING btree (interval_id);


--
-- Name: django_celery_beat_periodictask_name_265a36b7_like; Type: INDEX; Schema: public; Owner: postgres
--

CREATE INDEX django_celery_beat_periodictask_name_265a36b7_like ON public.django_celery_beat_periodictask USING btree (name varchar_pattern_ops);


--
-- Name: django_celery_beat_periodictask_solar_id_a87ce72c; Type: INDEX; Schema: public; Owner: postgres
--

CREATE INDEX django_celery_beat_periodictask_solar_id_a87ce72c ON public.django_celery_beat_periodictask USING btree (solar_id);


--
-- Name: django_celery_results_chordcounter_group_id_1f70858c_like; Type: INDEX; Schema: public; Owner: postgres
--

CREATE INDEX django_celery_results_chordcounter_group_id_1f70858c_like ON public.django_celery_results_chordcounter USING btree (group_id varchar_pattern_ops);


--
-- Name: django_celery_results_groupresult_group_id_a085f1a9_like; Type: INDEX; Schema: public; Owner: postgres
--

CREATE INDEX django_celery_results_groupresult_group_id_a085f1a9_like ON public.django_celery_results_groupresult USING btree (group_id varchar_pattern_ops);


--
-- Name: django_celery_results_taskresult_task_id_de0d95bf_like; Type: INDEX; Schema: public; Owner: postgres
--

CREATE INDEX django_celery_results_taskresult_task_id_de0d95bf_like ON public.django_celery_results_taskresult USING btree (task_id varchar_pattern_ops);


--
-- Name: django_session_expire_date_a5c62663; Type: INDEX; Schema: public; Owner: postgres
--

CREATE INDEX django_session_expire_date_a5c62663 ON public.django_session USING btree (expire_date);


--
-- Name: django_session_session_key_c0390e0f_like; Type: INDEX; Schema: public; Owner: postgres
--

CREATE INDEX django_session_session_key_c0390e0f_like ON public.django_session USING btree (session_key varchar_pattern_ops);


--
-- Name: management_myuser_groups_group_id_a1544b9e; Type: INDEX; Schema: public; Owner: postgres
--

CREATE INDEX management_myuser_groups_group_id_a1544b9e ON public.management_myuser_groups USING btree (group_id);


--
-- Name: management_myuser_groups_myuser_id_fb08e76a; Type: INDEX; Schema: public; Owner: postgres
--

CREATE INDEX management_myuser_groups_myuser_id_fb08e76a ON public.management_myuser_groups USING btree (myuser_id);


--
-- Name: management_myuser_user_permissions_myuser_id_8dcb1d31; Type: INDEX; Schema: public; Owner: postgres
--

CREATE INDEX management_myuser_user_permissions_myuser_id_8dcb1d31 ON public.management_myuser_user_permissions USING btree (myuser_id);


--
-- Name: management_myuser_user_permissions_permission_id_2a9a3a3a; Type: INDEX; Schema: public; Owner: postgres
--

CREATE INDEX management_myuser_user_permissions_permission_id_2a9a3a3a ON public.management_myuser_user_permissions USING btree (permission_id);


--
-- Name: management_myuser_username_3287ccf9_like; Type: INDEX; Schema: public; Owner: postgres
--

CREATE INDEX management_myuser_username_3287ccf9_like ON public.management_myuser USING btree (username varchar_pattern_ops);


--
-- Name: auth_group_permissions auth_group_permissio_permission_id_84c5c92e_fk_auth_perm; Type: FK CONSTRAINT; Schema: public; Owner: postgres
--

ALTER TABLE ONLY public.auth_group_permissions
    ADD CONSTRAINT auth_group_permissio_permission_id_84c5c92e_fk_auth_perm FOREIGN KEY (permission_id) REFERENCES public.auth_permission(id) DEFERRABLE INITIALLY DEFERRED;


--
-- Name: auth_group_permissions auth_group_permissions_group_id_b120cbf9_fk_auth_group_id; Type: FK CONSTRAINT; Schema: public; Owner: postgres
--

ALTER TABLE ONLY public.auth_group_permissions
    ADD CONSTRAINT auth_group_permissions_group_id_b120cbf9_fk_auth_group_id FOREIGN KEY (group_id) REFERENCES public.auth_group(id) DEFERRABLE INITIALLY DEFERRED;


--
-- Name: auth_permission auth_permission_content_type_id_2f476e4b_fk_django_co; Type: FK CONSTRAINT; Schema: public; Owner: postgres
--

ALTER TABLE ONLY public.auth_permission
    ADD CONSTRAINT auth_permission_content_type_id_2f476e4b_fk_django_co FOREIGN KEY (content_type_id) REFERENCES public.django_content_type(id) DEFERRABLE INITIALLY DEFERRED;


--
-- Name: django_admin_log django_admin_log_content_type_id_c4bce8eb_fk_django_co; Type: FK CONSTRAINT; Schema: public; Owner: postgres
--

ALTER TABLE ONLY public.django_admin_log
    ADD CONSTRAINT django_admin_log_content_type_id_c4bce8eb_fk_django_co FOREIGN KEY (content_type_id) REFERENCES public.django_content_type(id) DEFERRABLE INITIALLY DEFERRED;


--
-- Name: django_admin_log django_admin_log_user_id_c564eba6_fk_management_myuser_id; Type: FK CONSTRAINT; Schema: public; Owner: postgres
--

ALTER TABLE ONLY public.django_admin_log
    ADD CONSTRAINT django_admin_log_user_id_c564eba6_fk_management_myuser_id FOREIGN KEY (user_id) REFERENCES public.management_myuser(id) DEFERRABLE INITIALLY DEFERRED;


--
-- Name: django_celery_beat_periodictask django_celery_beat_p_clocked_id_47a69f82_fk_django_ce; Type: FK CONSTRAINT; Schema: public; Owner: postgres
--

ALTER TABLE ONLY public.django_celery_beat_periodictask
    ADD CONSTRAINT django_celery_beat_p_clocked_id_47a69f82_fk_django_ce FOREIGN KEY (clocked_id) REFERENCES public.django_celery_beat_clockedschedule(id) DEFERRABLE INITIALLY DEFERRED;


--
-- Name: django_celery_beat_periodictask django_celery_beat_p_crontab_id_d3cba168_fk_django_ce; Type: FK CONSTRAINT; Schema: public; Owner: postgres
--

ALTER TABLE ONLY public.django_celery_beat_periodictask
    ADD CONSTRAINT django_celery_beat_p_crontab_id_d3cba168_fk_django_ce FOREIGN KEY (crontab_id) REFERENCES public.django_celery_beat_crontabschedule(id) DEFERRABLE INITIALLY DEFERRED;


--
-- Name: django_celery_beat_periodictask django_celery_beat_p_interval_id_a8ca27da_fk_django_ce; Type: FK CONSTRAINT; Schema: public; Owner: postgres
--

ALTER TABLE ONLY public.django_celery_beat_periodictask
    ADD CONSTRAINT django_celery_beat_p_interval_id_a8ca27da_fk_django_ce FOREIGN KEY (interval_id) REFERENCES public.django_celery_beat_intervalschedule(id) DEFERRABLE INITIALLY DEFERRED;


--
-- Name: django_celery_beat_periodictask django_celery_beat_p_solar_id_a87ce72c_fk_django_ce; Type: FK CONSTRAINT; Schema: public; Owner: postgres
--

ALTER TABLE ONLY public.django_celery_beat_periodictask
    ADD CONSTRAINT django_celery_beat_p_solar_id_a87ce72c_fk_django_ce FOREIGN KEY (solar_id) REFERENCES public.django_celery_beat_solarschedule(id) DEFERRABLE INITIALLY DEFERRED;


--
-- Name: management_myuser_groups management_myuser_gr_myuser_id_fb08e76a_fk_managemen; Type: FK CONSTRAINT; Schema: public; Owner: postgres
--

ALTER TABLE ONLY public.management_myuser_groups
    ADD CONSTRAINT management_myuser_gr_myuser_id_fb08e76a_fk_managemen FOREIGN KEY (myuser_id) REFERENCES public.management_myuser(id) DEFERRABLE INITIALLY DEFERRED;


--
-- Name: management_myuser_groups management_myuser_groups_group_id_a1544b9e_fk_auth_group_id; Type: FK CONSTRAINT; Schema: public; Owner: postgres
--

ALTER TABLE ONLY public.management_myuser_groups
    ADD CONSTRAINT management_myuser_groups_group_id_a1544b9e_fk_auth_group_id FOREIGN KEY (group_id) REFERENCES public.auth_group(id) DEFERRABLE INITIALLY DEFERRED;


--
-- Name: management_myuser_user_permissions management_myuser_us_myuser_id_8dcb1d31_fk_managemen; Type: FK CONSTRAINT; Schema: public; Owner: postgres
--

ALTER TABLE ONLY public.management_myuser_user_permissions
    ADD CONSTRAINT management_myuser_us_myuser_id_8dcb1d31_fk_managemen FOREIGN KEY (myuser_id) REFERENCES public.management_myuser(id) DEFERRABLE INITIALLY DEFERRED;


--
-- Name: management_myuser_user_permissions management_myuser_us_permission_id_2a9a3a3a_fk_auth_perm; Type: FK CONSTRAINT; Schema: public; Owner: postgres
--

ALTER TABLE ONLY public.management_myuser_user_permissions
    ADD CONSTRAINT management_myuser_us_permission_id_2a9a3a3a_fk_auth_perm FOREIGN KEY (permission_id) REFERENCES public.auth_permission(id) DEFERRABLE INITIALLY DEFERRED;


--
-- PostgreSQL database dump complete
--

\unrestrict rth5OdlxcpNSBUtykRRYO5TQcgS2tFdDotg5dixpXYWm8WCNjO7Vdt05QFTqxuc

